-- phpMyAdmin SQL Dump
-- version 5.2.2deb1
-- https://www.phpmyadmin.net/
--
-- Хост: localhost:3306
-- Время создания: Ноя 20 2025 г., 18:28
-- Версия сервера: 11.8.3-MariaDB-0+deb13u1 from Debian
-- Версия PHP: 8.4.11

SET SQL_MODE = "NO_AUTO_VALUE_ON_ZERO";
START TRANSACTION;
SET time_zone = "+00:00";


/*!40101 SET @OLD_CHARACTER_SET_CLIENT=@@CHARACTER_SET_CLIENT */;
/*!40101 SET @OLD_CHARACTER_SET_RESULTS=@@CHARACTER_SET_RESULTS */;
/*!40101 SET @OLD_COLLATION_CONNECTION=@@COLLATION_CONNECTION */;
/*!40101 SET NAMES utf8mb4 */;

--
-- База данных: `phpmyadmin`
--

-- --------------------------------------------------------

--
-- Структура таблицы `competition`
--

CREATE TABLE `competition` (
  `id` int(11) NOT NULL COMMENT 'Ключ',
  `title` varchar(50) NOT NULL COMMENT 'название',
  `description` varchar(500) NOT NULL COMMENT 'описание',
  `date_of_the_event` date NOT NULL COMMENT 'дата начала',
  `end_date` date NOT NULL COMMENT 'дата окончания',
  `number_of_tasks` int(4) NOT NULL COMMENT 'количество задач'
) ENGINE=InnoDB DEFAULT CHARSET=utf8mb4 COLLATE=utf8mb4_unicode_ci COMMENT='соревнование';

--
-- Дамп данных таблицы `competition`
--

INSERT INTO `competition` (`id`, `title`, `description`, `date_of_the_event`, `end_date`, `number_of_tasks`) VALUES
(19, 'соревнование 2025', 'приходи и решай', '2025-09-01', '2025-09-08', 10),
(20, 'соревнование 2024', 'приходи и решай', '2024-09-01', '2024-09-08', 10),
(21, 'соревнование 2023', 'приходи и решай', '2023-09-01', '2023-09-08', 10),
(22, 'Осенний тур 2025', 'Ежегодное осеннее соревнование по программированию', '2025-11-10', '2025-11-11', 8),
(23, 'Весенний чемпионат 2025', 'Командное первенство школы', '2025-04-15', '2025-04-16', 10),
(24, 'Зимний кубок 2024', 'Личное первенство по алгоритмам', '2024-12-20', '2024-12-21', 9),
(25, 'Осенний тур 2024', 'Классический осенний контест', '2024-11-05', '2024-11-06', 8),
(26, 'Московская олимпиада 2024', 'Отборочный этап Всероса', '2024-10-12', '2024-10-13', 12),
(27, 'Летний лагерь 2024', 'Соревнование в рамках летней школы', '2024-07-20', '2024-07-25', 15),
(28, 'Весенний тур 2024', 'Весеннее соревнование для 9–11 классов', '2024-04-08', '2024-04-09', 10),
(29, 'Зимний вызов 2023', 'Сложные задачи на графи и геометрию', '2023-12-15', '2023-12-16', 7),
(30, 'Осенний финал 2023', 'Финал года среди лучших участников', '2023-11-18', '2023-11-19', 11),
(31, 'Рождественский контест 2023', 'Новогодние задачи', '2023-12-29', '2023-12-30', 8),
(32, 'Тренировочный тур 2025', 'Подготовка к олимпиадам', '2025-02-10', '2025-02-10', 12),
(33, 'Майский блиц 2025', 'Короткие задачи на скорость', '2025-05-17', '2025-05-17', 6);

-- --------------------------------------------------------

--
-- Структура таблицы `competition_tasks`
--

CREATE TABLE `competition_tasks` (
  `id` int(11) NOT NULL,
  `competition_id` int(11) NOT NULL,
  `task_id` int(11) NOT NULL,
  `letter` char(1) DEFAULT NULL
) ENGINE=InnoDB DEFAULT CHARSET=utf8mb4 COLLATE=utf8mb4_unicode_ci;

--
-- Дамп данных таблицы `competition_tasks`
--

INSERT INTO `competition_tasks` (`id`, `competition_id`, `task_id`, `letter`) VALUES
(1, 33, 4, 'D'),
(2, 33, 3, 'C'),
(3, 33, 50, 'G'),
(4, 33, 41, 'F'),
(5, 33, 2, 'B'),
(6, 33, 26, 'E'),
(8, 29, 30, 'F'),
(9, 29, 7, 'D'),
(10, 29, 45, 'H'),
(11, 29, 24, 'E'),
(12, 29, 36, 'G'),
(13, 29, 4, 'C'),
(14, 29, 2, 'B'),
(15, 22, 47, 'H'),
(16, 22, 30, 'D'),
(17, 22, 46, 'G'),
(18, 22, 13, 'B'),
(19, 22, 26, 'C'),
(20, 22, 39, 'E'),
(21, 22, 40, 'F'),
(22, 22, 49, 'I'),
(30, 25, 21, 'D'),
(31, 25, 25, 'E'),
(32, 25, 47, 'I'),
(33, 25, 10, 'C'),
(34, 25, 4, 'B'),
(35, 25, 43, 'H'),
(36, 25, 37, 'G'),
(37, 25, 31, 'F'),
(45, 31, 45, 'I'),
(46, 31, 29, 'E'),
(47, 31, 21, 'C'),
(48, 31, 41, 'G'),
(49, 31, 17, 'B'),
(50, 31, 43, 'H'),
(51, 31, 27, 'D'),
(52, 31, 30, 'F'),
(60, 24, 7, 'B'),
(61, 24, 42, 'I'),
(62, 24, 9, 'C'),
(63, 24, 50, 'J'),
(64, 24, 26, 'E'),
(65, 24, 12, 'D'),
(66, 24, 31, 'F'),
(67, 24, 32, 'G'),
(68, 24, 41, 'H'),
(75, 19, 13, 'D'),
(76, 19, 23, 'F'),
(77, 19, 1, 'B'),
(78, 19, 31, 'H'),
(79, 19, 33, 'I'),
(80, 19, 38, 'J'),
(81, 19, 29, 'G'),
(82, 19, 15, 'E'),
(83, 19, 10, 'C'),
(84, 19, 45, 'K'),
(90, 20, 40, 'J'),
(91, 20, 32, 'G'),
(92, 20, 34, 'H'),
(93, 20, 18, 'D'),
(94, 20, 2, 'B'),
(95, 20, 11, 'C'),
(96, 20, 47, 'K'),
(97, 20, 38, 'I'),
(98, 20, 28, 'E'),
(99, 20, 30, 'F'),
(105, 21, 25, 'E'),
(106, 21, 15, 'D'),
(107, 21, 36, 'I'),
(108, 21, 50, 'K'),
(109, 21, 33, 'H'),
(110, 21, 9, 'C'),
(111, 21, 30, 'G'),
(112, 21, 48, 'J'),
(113, 21, 27, 'F'),
(114, 21, 5, 'B'),
(120, 23, 5, 'C'),
(121, 23, 37, 'G'),
(122, 23, 6, 'D'),
(123, 23, 45, 'J'),
(124, 23, 2, 'B'),
(125, 23, 39, 'H'),
(126, 23, 46, 'K'),
(127, 23, 43, 'I'),
(128, 23, 7, 'E'),
(129, 23, 19, 'F'),
(135, 28, 24, 'G'),
(136, 28, 5, 'C'),
(137, 28, 17, 'E'),
(138, 28, 18, 'F'),
(139, 28, 25, 'H'),
(140, 28, 45, 'K'),
(141, 28, 1, 'B'),
(142, 28, 43, 'J'),
(143, 28, 29, 'I'),
(144, 28, 6, 'D'),
(150, 30, 35, 'H'),
(151, 30, 47, 'L'),
(152, 30, 36, 'I'),
(153, 30, 13, 'C'),
(154, 30, 39, 'K'),
(155, 30, 18, 'E'),
(156, 30, 33, 'G'),
(157, 30, 37, 'J'),
(158, 30, 5, 'B'),
(159, 30, 21, 'F'),
(160, 30, 17, 'D'),
(165, 26, 10, 'B'),
(166, 26, 31, 'H'),
(167, 26, 15, 'D'),
(168, 26, 17, 'E'),
(169, 26, 38, 'K'),
(170, 26, 47, 'M'),
(171, 26, 37, 'J'),
(172, 26, 36, 'I'),
(173, 26, 20, 'F'),
(174, 26, 14, 'C'),
(175, 26, 28, 'G'),
(176, 26, 39, 'L'),
(180, 32, 16, 'G'),
(181, 32, 18, 'I'),
(182, 32, 5, 'D'),
(183, 32, 2, 'B'),
(184, 32, 3, 'C'),
(185, 32, 43, 'K'),
(186, 32, 12, 'F'),
(187, 32, 44, 'L'),
(188, 32, 11, 'E'),
(189, 32, 38, 'J'),
(190, 32, 50, 'M'),
(191, 32, 17, 'H'),
(195, 27, 12, 'F'),
(196, 27, 39, 'O'),
(197, 27, 16, 'H'),
(198, 27, 5, 'C'),
(199, 27, 14, 'G'),
(200, 27, 28, 'L'),
(201, 27, 42, 'P'),
(202, 27, 3, 'B'),
(203, 27, 23, 'I'),
(204, 27, 10, 'E'),
(205, 27, 34, 'N'),
(206, 27, 31, 'M'),
(207, 27, 25, 'J'),
(208, 27, 26, 'K'),
(209, 27, 7, 'D');

-- --------------------------------------------------------

--
-- Структура таблицы `decisions`
--

CREATE TABLE `decisions` (
  `id` int(15) NOT NULL COMMENT 'Ключ',
  `status` set('OK','ERROR') NOT NULL COMMENT 'статус',
  `id_users` int(10) NOT NULL COMMENT 'пользователь',
  `id_programminng_tasks` int(10) NOT NULL COMMENT 'задача'
) ENGINE=InnoDB DEFAULT CHARSET=utf8mb4 COLLATE=utf8mb4_unicode_ci COMMENT='решения';

--
-- Дамп данных таблицы `decisions`
--

INSERT INTO `decisions` (`id`, `status`, `id_users`, `id_programminng_tasks`) VALUES
(1, 'ERROR', 13, 1),
(2, 'OK', 13, 1),
(3, 'ERROR', 13, 2),
(4, 'OK', 14, 1),
(5, 'OK', 14, 2),
(6, 'ERROR', 14, 3),
(7, 'OK', 15, 2),
(8, 'ERROR', 15, 3),
(9, 'ERROR', 15, 5),
(10, 'OK', 15, 5),
(12, 'OK', 13, 2),
(13, 'OK', 13, 3),
(14, 'OK', 13, 4),
(15, 'OK', 13, 5),
(16, 'OK', 13, 6),
(17, 'ERROR', 13, 7),
(18, 'OK', 13, 8),
(19, 'OK', 13, 9),
(20, 'ERROR', 13, 10),
(21, 'OK', 13, 11),
(22, 'OK', 13, 12),
(23, 'OK', 13, 13),
(24, 'ERROR', 13, 14),
(25, 'OK', 13, 15),
(27, 'OK', 14, 2),
(28, 'OK', 14, 3),
(29, 'ERROR', 14, 4),
(30, 'OK', 14, 5),
(31, 'OK', 14, 6),
(32, 'OK', 14, 7),
(33, 'ERROR', 14, 8),
(34, 'OK', 14, 9),
(35, 'ERROR', 14, 10),
(36, 'OK', 14, 11),
(37, 'OK', 14, 12),
(38, 'ERROR', 14, 13),
(39, 'OK', 15, 1),
(40, 'OK', 15, 2),
(41, 'ERROR', 15, 3),
(42, 'OK', 15, 4),
(43, 'ERROR', 15, 5),
(44, 'OK', 15, 6),
(45, 'ERROR', 15, 7),
(46, 'ERROR', 15, 8),
(47, 'OK', 16, 1),
(48, 'OK', 16, 2),
(49, 'OK', 16, 3),
(50, 'OK', 16, 4),
(51, 'OK', 16, 5),
(52, 'ERROR', 16, 6),
(53, 'OK', 16, 7),
(54, 'OK', 16, 8),
(55, 'OK', 16, 9),
(56, 'OK', 16, 10),
(57, 'OK', 17, 1),
(58, 'OK', 17, 2),
(59, 'OK', 17, 3),
(60, 'OK', 17, 4),
(61, 'OK', 17, 5),
(62, 'OK', 17, 6),
(63, 'OK', 17, 7),
(64, 'ERROR', 17, 8),
(65, 'OK', 17, 9),
(66, 'OK', 17, 10),
(67, 'OK', 17, 11),
(68, 'OK', 18, 1),
(69, 'OK', 18, 2),
(70, 'ERROR', 18, 3),
(71, 'OK', 18, 4),
(72, 'OK', 18, 5),
(73, 'OK', 18, 6),
(74, 'OK', 18, 7),
(75, 'OK', 18, 8),
(76, 'ERROR', 18, 9),
(77, 'OK', 19, 1),
(78, 'OK', 19, 2),
(79, 'OK', 19, 3),
(80, 'OK', 19, 4),
(81, 'OK', 19, 5),
(82, 'OK', 19, 6),
(83, 'OK', 19, 7),
(84, 'OK', 19, 8),
(85, 'OK', 19, 9),
(86, 'OK', 19, 10),
(87, 'OK', 19, 11),
(88, 'OK', 19, 12),
(89, 'OK', 20, 1),
(90, 'OK', 20, 2),
(91, 'OK', 20, 3),
(92, 'ERROR', 20, 4),
(93, 'OK', 20, 5),
(94, 'OK', 20, 6),
(95, 'OK', 20, 7),
(96, 'ERROR', 20, 8),
(97, 'OK', 21, 1),
(98, 'OK', 21, 2),
(99, 'OK', 21, 3),
(100, 'OK', 21, 4),
(101, 'OK', 21, 5),
(102, 'OK', 21, 6),
(103, 'ERROR', 21, 7),
(104, 'OK', 21, 8),
(105, 'OK', 22, 1),
(106, 'OK', 22, 2),
(107, 'OK', 22, 3),
(108, 'OK', 22, 4),
(109, 'OK', 22, 5),
(110, 'OK', 22, 6),
(111, 'OK', 22, 7),
(112, 'OK', 22, 8),
(113, 'OK', 22, 9),
(114, 'ERROR', 23, 1),
(115, 'OK', 23, 2),
(116, 'OK', 23, 3),
(117, 'OK', 23, 4),
(118, 'OK', 23, 5),
(119, 'ERROR', 23, 6),
(120, 'OK', 23, 7),
(121, 'OK', 24, 1),
(122, 'OK', 24, 2),
(123, 'OK', 24, 3),
(124, 'OK', 24, 4),
(125, 'OK', 24, 5),
(126, 'OK', 24, 6),
(127, 'OK', 24, 7),
(128, 'OK', 24, 8),
(129, 'OK', 24, 9),
(130, 'OK', 24, 10),
(131, 'OK', 25, 1),
(132, 'OK', 25, 2),
(133, 'ERROR', 25, 3),
(134, 'OK', 25, 4),
(135, 'OK', 25, 5),
(136, 'OK', 25, 6),
(137, 'OK', 25, 7),
(138, 'OK', 26, 1),
(139, 'OK', 26, 2),
(140, 'OK', 26, 3),
(141, 'OK', 26, 4),
(142, 'OK', 26, 5),
(143, 'OK', 26, 6),
(144, 'OK', 26, 7),
(145, 'OK', 26, 8),
(146, 'OK', 26, 9),
(147, 'OK', 26, 10),
(148, 'OK', 26, 11),
(149, 'OK', 26, 12),
(150, 'OK', 26, 13),
(151, 'OK', 27, 1),
(152, 'OK', 27, 2),
(153, 'OK', 27, 3),
(154, 'OK', 27, 4),
(155, 'OK', 27, 5),
(156, 'OK', 27, 6),
(157, 'ERROR', 27, 7),
(158, 'OK', 27, 8),
(159, 'OK', 27, 9),
(160, 'OK', 27, 10),
(161, 'OK', 16, 11),
(162, 'OK', 16, 12),
(163, 'ERROR', 16, 13),
(164, 'OK', 17, 12),
(165, 'OK', 17, 13),
(166, 'OK', 18, 10),
(167, 'OK', 18, 11),
(168, 'OK', 19, 13),
(169, 'OK', 19, 14),
(170, 'OK', 19, 15),
(171, 'OK', 20, 9),
(172, 'OK', 20, 10),
(173, 'OK', 21, 9),
(174, 'OK', 21, 10),
(175, 'OK', 22, 10),
(176, 'OK', 22, 11),
(177, 'OK', 23, 8),
(178, 'OK', 23, 9),
(179, 'OK', 24, 11),
(180, 'OK', 24, 12),
(181, 'OK', 25, 8),
(182, 'OK', 25, 9),
(183, 'OK', 26, 14),
(184, 'OK', 26, 15),
(185, 'OK', 27, 11),
(186, 'OK', 27, 12),
(187, 'OK', 27, 13),
(188, 'ERROR', 27, 14),
(189, 'ERROR', 13, 15),
(190, 'OK', 14, 13),
(191, 'OK', 15, 9),
(192, 'OK', 15, 10),
(193, 'ERROR', 16, 15),
(194, 'OK', 17, 14),
(195, 'OK', 18, 12),
(197, 'OK', 20, 11),
(198, 'ERROR', 21, 12),
(199, 'OK', 22, 13),
(200, 'OK', 23, 10),
(201, 'OK', 24, 13),
(202, 'OK', 25, 10);

-- --------------------------------------------------------

--
-- Структура таблицы `participation`
--

CREATE TABLE `participation` (
  `id` int(10) NOT NULL COMMENT 'Ключ',
  `id_users` int(10) NOT NULL COMMENT 'пользователь',
  `id_competition` int(11) NOT NULL COMMENT 'задача',
  `Place_in_the_leaderboard` int(11) NOT NULL COMMENT 'место в списке лидеров'
) ENGINE=InnoDB DEFAULT CHARSET=utf8mb4 COLLATE=utf8mb4_unicode_ci COMMENT='участие';

--
-- Дамп данных таблицы `participation`
--

INSERT INTO `participation` (`id`, `id_users`, `id_competition`, `Place_in_the_leaderboard`) VALUES
(69, 13, 19, 5),
(70, 14, 19, 2),
(71, 15, 19, 8),
(72, 16, 19, 1),
(73, 17, 19, 3),
(74, 18, 19, 7),
(75, 19, 19, 4),
(76, 20, 19, 9),
(77, 21, 19, 6),
(78, 22, 19, 10),
(79, 13, 20, 3),
(80, 14, 20, 1),
(81, 15, 20, 6),
(82, 16, 20, 2),
(83, 17, 20, 4),
(84, 18, 20, 8),
(85, 19, 20, 5),
(86, 20, 20, 7),
(87, 23, 20, 9),
(88, 24, 20, 10),
(89, 13, 21, 4),
(90, 14, 21, 7),
(91, 15, 21, 2),
(92, 16, 21, 1),
(93, 17, 21, 5),
(94, 25, 21, 3),
(95, 26, 21, 6),
(96, 27, 21, 8),
(97, 22, 21, 9),
(98, 23, 21, 10),
(99, 18, 21, 0),
(100, 19, 21, 0),
(101, 29, 21, 0),
(102, 24, 21, 0),
(103, 21, 21, 0),
(104, 28, 21, 0),
(105, 20, 21, 0),
(106, 25, 30, 0),
(107, 24, 30, 0),
(108, 26, 30, 0),
(109, 28, 30, 0),
(110, 23, 30, 0),
(111, 13, 30, 0),
(112, 22, 30, 0),
(113, 20, 30, 0),
(114, 27, 30, 0),
(115, 19, 30, 0),
(116, 30, 30, 0),
(117, 14, 30, 0),
(118, 17, 30, 0),
(121, 23, 29, 0),
(122, 29, 29, 0),
(123, 16, 29, 0),
(124, 15, 29, 0),
(125, 13, 29, 0),
(126, 20, 29, 0),
(127, 14, 29, 0),
(128, 18, 29, 0),
(129, 24, 29, 0),
(130, 25, 29, 0),
(131, 21, 29, 0),
(132, 17, 29, 0),
(136, 27, 31, 0),
(137, 16, 31, 0),
(138, 21, 31, 0),
(139, 29, 31, 0),
(140, 23, 31, 0),
(141, 19, 31, 0),
(142, 17, 31, 0),
(143, 14, 31, 0),
(144, 24, 31, 0),
(145, 30, 31, 0),
(146, 20, 31, 0),
(147, 18, 31, 0),
(151, 26, 28, 0),
(152, 23, 28, 0),
(153, 22, 28, 0),
(154, 20, 28, 0),
(155, 27, 28, 0),
(156, 24, 28, 0),
(157, 18, 28, 0),
(158, 29, 28, 0),
(166, 26, 27, 0),
(167, 29, 27, 0),
(168, 21, 27, 0),
(169, 28, 27, 0),
(170, 18, 27, 0),
(173, 27, 20, 0),
(174, 25, 20, 0),
(175, 28, 20, 0),
(176, 29, 20, 0),
(177, 30, 20, 0),
(178, 26, 20, 0),
(179, 21, 20, 0),
(180, 24, 26, 0),
(181, 26, 26, 0),
(182, 29, 26, 0),
(183, 27, 26, 0),
(184, 18, 26, 0),
(185, 16, 26, 0),
(187, 21, 25, 0),
(188, 16, 25, 0),
(189, 20, 25, 0),
(190, 27, 25, 0),
(191, 29, 25, 0),
(192, 25, 25, 0),
(193, 19, 25, 0),
(194, 13, 24, 0),
(195, 15, 24, 0),
(196, 28, 24, 0),
(197, 26, 24, 0),
(198, 16, 24, 0),
(199, 29, 24, 0),
(200, 20, 24, 0),
(201, 21, 24, 0),
(202, 24, 24, 0),
(203, 25, 24, 0),
(204, 14, 24, 0),
(205, 23, 24, 0),
(206, 18, 24, 0),
(207, 27, 24, 0),
(208, 17, 24, 0),
(209, 22, 32, 0),
(210, 14, 32, 0),
(211, 25, 32, 0),
(212, 23, 32, 0),
(213, 15, 32, 0),
(214, 29, 32, 0),
(215, 18, 32, 0),
(216, 30, 32, 0),
(217, 28, 32, 0),
(218, 26, 32, 0),
(219, 17, 32, 0),
(224, 19, 23, 0),
(225, 15, 23, 0),
(226, 16, 23, 0),
(227, 18, 23, 0),
(228, 26, 23, 0),
(229, 27, 23, 0),
(230, 17, 23, 0),
(231, 14, 23, 0),
(232, 28, 23, 0),
(233, 22, 23, 0),
(239, 14, 33, 0),
(240, 18, 33, 0),
(241, 20, 33, 0),
(242, 26, 33, 0),
(243, 30, 33, 0),
(244, 23, 33, 0),
(245, 17, 33, 0),
(246, 27, 33, 0),
(254, 26, 19, 0),
(255, 23, 19, 0),
(256, 30, 19, 0),
(257, 25, 19, 0),
(258, 28, 19, 0),
(259, 27, 19, 0),
(260, 24, 19, 0),
(261, 29, 19, 0),
(269, 29, 22, 0),
(270, 22, 22, 0),
(271, 27, 22, 0),
(272, 15, 22, 0),
(273, 25, 22, 0),
(274, 20, 22, 0),
(275, 26, 22, 0),
(276, 18, 22, 0),
(277, 21, 22, 0),
(278, 16, 22, 0),
(279, 13, 22, 0),
(280, 30, 22, 0);

-- --------------------------------------------------------

--
-- Структура таблицы `programming_tasks`
--

CREATE TABLE `programming_tasks` (
  `id` int(10) NOT NULL COMMENT 'Ключ',
  `points` int(3) NOT NULL COMMENT 'баллы за задание',
  `complexity` int(2) NOT NULL COMMENT 'сложность'
) ENGINE=InnoDB DEFAULT CHARSET=utf8mb4 COLLATE=utf8mb4_unicode_ci COMMENT='задачи по программированию';

--
-- Дамп данных таблицы `programming_tasks`
--

INSERT INTO `programming_tasks` (`id`, `points`, `complexity`) VALUES
(1, 100, 3),
(2, 60, 2),
(3, 30, 1),
(4, 1400, 15),
(5, 110, 3),
(6, 100, 1),
(7, 150, 2),
(8, 200, 3),
(9, 250, 4),
(10, 300, 5),
(11, 350, 6),
(12, 400, 7),
(13, 450, 8),
(14, 500, 9),
(15, 600, 10),
(16, 700, 11),
(17, 800, 12),
(18, 900, 13),
(19, 1000, 14),
(20, 1200, 15),
(21, 100, 1),
(22, 150, 2),
(23, 200, 3),
(24, 250, 4),
(25, 300, 5),
(26, 350, 6),
(27, 400, 7),
(28, 450, 8),
(29, 500, 9),
(30, 600, 10),
(31, 700, 11),
(32, 800, 12),
(33, 900, 13),
(34, 1000, 14),
(35, 1200, 15),
(36, 100, 1),
(37, 150, 2),
(38, 200, 3),
(39, 250, 4),
(40, 300, 5),
(41, 350, 6),
(42, 400, 7),
(43, 450, 8),
(44, 500, 9),
(45, 600, 10),
(46, 700, 11),
(47, 800, 12),
(48, 900, 13),
(49, 1000, 14),
(50, 1200, 15);

-- --------------------------------------------------------

--
-- Структура таблицы `users`
--

CREATE TABLE `users` (
  `id` int(11) NOT NULL COMMENT 'Ключ',
  `Specialization` varchar(50) DEFAULT NULL COMMENT 'специальность',
  `FCs` varchar(100) NOT NULL COMMENT 'ФИО',
  `Email` varchar(50) NOT NULL COMMENT 'почта'
) ENGINE=InnoDB DEFAULT CHARSET=utf8mb4 COLLATE=utf8mb4_unicode_ci COMMENT='пользователи';

--
-- Дамп данных таблицы `users`
--

INSERT INTO `users` (`id`, `Specialization`, `FCs`, `Email`) VALUES
(13, 'Программист', 'Смирнов Иван Алексеевич', 'bbetonov66@mail.ru'),
(14, 'повар', 'Кузнецова Мария Сергеевна', 'bbatonov66@mail.ru'),
(15, 'аналитик', 'Фёдоров Олег Дмитриевич', 'bbutonov66@mail.ru'),
(16, 'Информатика', 'Иванов Пётр Сергеевич', 'ivanov.ps@example.com'),
(17, 'Информатика', 'Петрова Анна Владимировна', 'petrova.av@example.com'),
(18, 'Математика', 'Сидоров Алексей Дмитриевич', 'sidorov.ad@example.com'),
(19, 'Информатика', 'Козлова Екатерина Михайловна', 'kozlova.em@example.com'),
(20, 'Информатика', 'Новиков Дмитрий Александрович', 'novikov.da@example.com'),
(21, 'Физика', 'Морозова Ольга Игоревна', 'morozova.oi@example.com'),
(22, 'Информатика', 'Волков Артём Павлович', 'volkov.ap@example.com'),
(23, 'Математика', 'Соколова Дарья Романовна', 'sokolova.dr@example.com'),
(24, 'Информатика', 'Лебедев Максим Константинович', 'lebedev.mk@example.com'),
(25, 'Информатика', 'Фёдорова София Евгеньевна', 'fedorova.se@example.com'),
(26, 'Информатика', 'Зайцев Илья Андреевич', 'zaytsev.ia@example.com'),
(27, 'Математика', 'Беляева Виктория Никитична', 'belyaeva.vn@example.com'),
(28, 'Информатика', 'Титов Кирилл Даниилович', 'titov.kd@example.com'),
(29, 'Физика', 'Орлова Алиса Григорьевна', 'orlova.ag@example.com'),
(30, 'Информатика', 'Григорьев Матвей Романович', 'grigoryev.mr@example.com');

--
-- Индексы сохранённых таблиц
--

--
-- Индексы таблицы `competition`
--
ALTER TABLE `competition`
  ADD PRIMARY KEY (`id`),
  ADD KEY `id` (`id`),
  ADD KEY `title` (`title`),
  ADD KEY `date_of_the_event` (`date_of_the_event`),
  ADD KEY `end_date` (`end_date`),
  ADD KEY `number_of_tasks` (`number_of_tasks`);

--
-- Индексы таблицы `competition_tasks`
--
ALTER TABLE `competition_tasks`
  ADD PRIMARY KEY (`id`),
  ADD UNIQUE KEY `unique_comp_task` (`competition_id`,`task_id`),
  ADD KEY `task_id` (`task_id`);

--
-- Индексы таблицы `decisions`
--
ALTER TABLE `decisions`
  ADD PRIMARY KEY (`id`),
  ADD KEY `id` (`id`),
  ADD KEY `status` (`status`),
  ADD KEY `id_users` (`id_users`),
  ADD KEY `id_programminng_tasks` (`id_programminng_tasks`);

--
-- Индексы таблицы `participation`
--
ALTER TABLE `participation`
  ADD PRIMARY KEY (`id`),
  ADD KEY `id` (`id`),
  ADD KEY `id_users` (`id_users`),
  ADD KEY `id_competition` (`id_competition`),
  ADD KEY `Place_in_the_leaderboard` (`Place_in_the_leaderboard`);

--
-- Индексы таблицы `programming_tasks`
--
ALTER TABLE `programming_tasks`
  ADD PRIMARY KEY (`id`),
  ADD KEY `id` (`id`),
  ADD KEY `points` (`points`),
  ADD KEY `complexity` (`complexity`);

--
-- Индексы таблицы `users`
--
ALTER TABLE `users`
  ADD PRIMARY KEY (`id`),
  ADD KEY `id` (`id`),
  ADD KEY `Specialization` (`Specialization`),
  ADD KEY `FCs` (`FCs`),
  ADD KEY `Email` (`Email`);

--
-- AUTO_INCREMENT для сохранённых таблиц
--

--
-- AUTO_INCREMENT для таблицы `competition`
--
ALTER TABLE `competition`
  MODIFY `id` int(11) NOT NULL AUTO_INCREMENT COMMENT 'Ключ', AUTO_INCREMENT=58;

--
-- AUTO_INCREMENT для таблицы `competition_tasks`
--
ALTER TABLE `competition_tasks`
  MODIFY `id` int(11) NOT NULL AUTO_INCREMENT, AUTO_INCREMENT=210;

--
-- AUTO_INCREMENT для таблицы `decisions`
--
ALTER TABLE `decisions`
  MODIFY `id` int(15) NOT NULL AUTO_INCREMENT COMMENT 'Ключ', AUTO_INCREMENT=203;

--
-- AUTO_INCREMENT для таблицы `participation`
--
ALTER TABLE `participation`
  MODIFY `id` int(10) NOT NULL AUTO_INCREMENT COMMENT 'Ключ', AUTO_INCREMENT=284;

--
-- AUTO_INCREMENT для таблицы `programming_tasks`
--
ALTER TABLE `programming_tasks`
  MODIFY `id` int(10) NOT NULL AUTO_INCREMENT COMMENT 'Ключ', AUTO_INCREMENT=51;

--
-- AUTO_INCREMENT для таблицы `users`
--
ALTER TABLE `users`
  MODIFY `id` int(11) NOT NULL AUTO_INCREMENT COMMENT 'Ключ', AUTO_INCREMENT=61;

--
-- Ограничения внешнего ключа сохраненных таблиц
--

--
-- Ограничения внешнего ключа таблицы `competition_tasks`
--
ALTER TABLE `competition_tasks`
  ADD CONSTRAINT `competition_tasks_ibfk_1` FOREIGN KEY (`competition_id`) REFERENCES `competition` (`id`) ON DELETE CASCADE,
  ADD CONSTRAINT `competition_tasks_ibfk_2` FOREIGN KEY (`task_id`) REFERENCES `programming_tasks` (`id`) ON DELETE CASCADE;

--
-- Ограничения внешнего ключа таблицы `decisions`
--
ALTER TABLE `decisions`
  ADD CONSTRAINT `decisions_ibfk_1` FOREIGN KEY (`id_users`) REFERENCES `users` (`id`),
  ADD CONSTRAINT `decisions_ibfk_2` FOREIGN KEY (`id_programminng_tasks`) REFERENCES `programming_tasks` (`id`);

--
-- Ограничения внешнего ключа таблицы `participation`
--
ALTER TABLE `participation`
  ADD CONSTRAINT `participation_ibfk_1` FOREIGN KEY (`id_users`) REFERENCES `users` (`id`),
  ADD CONSTRAINT `participation_ibfk_2` FOREIGN KEY (`id_competition`) REFERENCES `competition` (`id`);
COMMIT;

/*!40101 SET CHARACTER_SET_CLIENT=@OLD_CHARACTER_SET_CLIENT */;
/*!40101 SET CHARACTER_SET_RESULTS=@OLD_CHARACTER_SET_RESULTS */;
/*!40101 SET COLLATION_CONNECTION=@OLD_COLLATION_CONNECTION */;
